0,1
0.997271,0.0027289623
1.2355673e-06,0.9999988
1.0,9.754773e-13
2.4423303e-05,0.99997556
0.9992791,0.00072089635
0.11848737,0.8815126
1.0,1.6656786e-08
5.7966604e-06,0.99999416
0.7566341,0.24336588
0.034581408,0.9654186
4.988468e-07,0.9999995
1.0,8.2337437e-10
1.0,1.1823935e-09
1.0,1.2696019e-10
0.001405506,0.99859446
7.772029e-05,0.9999223
8.463212e-06,0.99999154
0.004907762,0.9950923
1.0,1.3455208e-12
0.2659198,0.73408026
1.6813472e-09,1.0
6.555691e-05,0.99993443
0.15448824,0.8455118
7.861956e-05,0.9999213
0.025551321,0.97444874
0.0040837754,0.9959162
1.3208968e-07,0.9999999
0.9999584,4.159055e-05
0.068482384,0.93151766
0.99890304,0.001096928
2.1567673e-14,1.0
0.99535346,0.004646541
5.093218e-09,1.0
0.99999976,2.3658185e-07
0.05890998,0.94109
0.99985576,0.00014418615
3.1207415e-05,0.99996877
0.9999999,1.5495841e-07
1.1265913e-06,0.9999989
1.3922677e-06,0.99999857
0.12813234,0.8718676
0.99992573,7.431836e-05
1.0,1.845141e-09
0.99871314,0.0012869015
8.2436173e-07,0.99999917
0.00054309424,0.99945694
0.6858843,0.31411567
0.06353111,0.93646884
3.185634e-05,0.9999682
0.15035592,0.84964406
0.008379356,0.99162066
7.596406e-08,0.9999999
1.0,2.08774e-11
0.012320053,0.98767996
0.9940971,0.005902834
9.013764e-06,0.99999094
0.92545694,0.074543096
0.9975821,0.002417886
2.537927e-05,0.9999746
0.32152614,0.67847383
0.017379759,0.9826202
0.79142886,0.20857115
0.99998057,1.948723e-05
3.6446402e-06,0.9999963
1.6280781e-05,0.99998367
0.9996151,0.00038492383
0.9993911,0.0006089125
1.0,1.3965042e-09
2.689164e-09,1.0
0.001623811,0.99837613
3.9020034e-07,0.99999964
0.002255494,0.99774456
0.63032156,0.3696784
0.15448824,0.8455118
0.010604346,0.9893957
0.00020902633,0.99979097
0.027907781,0.9720923
1.0,1.8473621e-10
1.1265913e-06,0.9999989
1.3339679e-06,0.9999987
0.9482428,0.05175718
0.00290428,0.9970957
0.86012524,0.13987479
1.0,2.019842e-09
0.48974583,0.51025414
0.5107886,0.4892114
0.9975821,0.002417886
0.87045914,0.12954079
0.00028811293,0.9997118
0.0006391333,0.99936086
0.0042330064,0.995767
1.0,3.4649887e-09
0.004303624,0.9956964
0.9970893,0.0029106557
0.8290057,0.17099419
8.687924e-05,0.9999131
1.0,1.8892514e-08
1.1017069e-06,0.9999989
1.0,4.8466617e-09
1.6891724e-11,1.0
0.99969256,0.0003074463
2.632655e-07,0.99999976
0.9989519,0.0010480827
0.9999999,1.18745255e-07
0.9999974,2.6616715e-06
0.9999764,2.3612081e-05
0.9998696,0.00013045459
4.4821692e-05,0.9999552
0.0148075465,0.9851924
0.99999845,1.545294e-06
0.00015627846,0.9998437
9.5311535e-08,0.9999999
0.9953129,0.0046870066
0.0015666351,0.9984333
0.99999094,9.059966e-06
0.044502344,0.9554976
0.5605515,0.43944845
0.12022088,0.87977916
0.0099588195,0.9900412
1.0,1.0742376e-08
0.9999887,1.1337727e-05
0.9956422,0.0043578595
1.0,7.938521e-09
0.988892,0.011107983
0.99999464,5.3757667e-06
0.00017569264,0.99982435
0.99577063,0.0042294
1.3488198e-06,0.9999987
0.9994603,0.00053973065
6.7147052e-09,1.0
0.99947935,0.00052073144
0.007206454,0.99279356
7.450525e-06,0.9999925
0.99999714,2.9133435e-06
0.9999958,4.113376e-06
1.1731163e-06,0.9999988
0.09931606,0.90068394
0.9998242,0.0001757858
0.28871912,0.7112808
1.7886074e-09,1.0
0.99965715,0.0003428918
0.99883884,0.0011612235
0.00467108,0.9953289
0.9957931,0.0042068497
0.9999908,9.235582e-06
0.9997465,0.0002535008
0.9999995,4.4162474e-07
8.242984e-05,0.9999175
1.0,5.2874487e-09
4.4398115e-05,0.99995565
0.09032752,0.90967256
1.9394047e-06,0.9999981
1.0,5.5388135e-08
0.56592596,0.4340741
0.99999976,2.9336414e-07
0.064584956,0.9354151
1.6397069e-09,1.0
0.04754644,0.95245355
0.8290057,0.17099419
5.5516713e-05,0.99994445
7.922173e-08,0.9999999
0.18374272,0.81625724
0.07142138,0.92857856
0.000286478,0.9997135
3.2099197e-06,0.9999968
0.0008369599,0.99916303
0.00021167859,0.99978834
0.11800308,0.881997
2.7194197e-05,0.9999728
1.0,7.838731e-10
0.0009965755,0.99900347
0.9738661,0.026133899
0.00012547766,0.9998745
0.9231047,0.0768953
0.0023570827,0.99764293
0.417672,0.58232796
0.062577605,0.93742245
4.4964704e-10,1.0
0.9798693,0.020130716
1.6794881e-09,1.0
0.97845626,0.021543695
0.99899346,0.0010064882
0.034441527,0.96555847
3.3920883e-10,1.0
1.5606493e-06,0.99999845
0.9999999,9.494883e-08
0.8871057,0.11289436
0.9770098,0.022990186
1.0,8.468115e-09
4.479278e-07,0.9999995
0.012854081,0.9871459
9.092381e-06,0.99999094
6.999328e-05,0.99993
9.954038e-05,0.99990046
0.9999989,1.0800022e-06
0.12682866,0.8731714
2.903243e-07,0.99999976
0.7963662,0.20363379
8.874652e-05,0.9999112
7.105343e-13,1.0
0.9999999,9.551354e-08
1.1653027e-07,0.9999999
2.7402705e-06,0.99999726
0.9996604,0.00033964484
0.999954,4.6042886e-05
0.99992096,7.899493e-05
0.0018657501,0.9981343
9.224661e-05,0.99990773
1.0,2.250817e-10
4.7800564e-09,1.0
0.46425232,0.53574765
0.9998894,0.000110603156
0.23381013,0.7661898
0.05302921,0.94697076
0.0015016762,0.9984983
1.0,1.27650885e-08
0.014696147,0.9853039
0.2991929,0.70080703
8.525859e-09,1.0
0.00843786,0.9915622
2.9692163e-05,0.9999703
1.0,4.2056114e-09
1.0,3.1702416e-09
0.95017546,0.049824543
0.6436419,0.35635814
0.9999989,1.0582761e-06
0.9731914,0.026808666
0.036028355,0.9639716
0.9999999,8.435362e-08
0.99980456,0.00019549773
1.7204979e-08,1.0
1.0,2.877807e-10
5.6064296e-06,0.9999944
0.00013307568,0.99986696
6.840588e-09,1.0
0.16648774,0.83351225
0.026483133,0.9735169
1.8384479e-10,1.0
1.0,2.29781e-12
0.9999982,1.8445652e-06
7.4988026e-07,0.9999993
1.0,4.1583455e-08
1.01822386e-13,1.0
0.50319666,0.49680334
0.89919174,0.10080828
0.00085469446,0.99914527
1.5797837e-09,1.0
8.024749e-07,0.99999917
1.0,4.4492545e-08
0.026047098,0.97395295
0.021773623,0.97822636
0.00010433623,0.9998957
0.00060244976,0.9993975
0.99780065,0.002199279
4.8630915e-07,0.9999995
0.99933904,0.0006609446
0.0006196786,0.99938035
0.94766045,0.052339546
1.0,1.2441727e-09
0.0033539345,0.996646
0.00048142739,0.99951863
1.0,3.1702416e-09
0.99459934,0.0054007135
1.4224183e-10,1.0
0.034708504,0.9652915
8.849097e-07,0.99999917
2.1263789e-09,1.0
0.9999844,1.5613248e-05
0.9667732,0.033226848
3.9020034e-07,0.99999964
1.0,7.155152e-11
0.45936847,0.54063153
0.008241708,0.9917583
0.00020670866,0.99979335
0.9336151,0.06638489
2.7718151e-08,1.0
0.14187878,0.8581212
0.024346963,0.975653
8.105486e-05,0.99991894
0.9999995,5.201825e-07
1.2272552e-06,0.9999988
0.63032156,0.3696784
1.3482717e-05,0.9999865
2.121033e-08,1.0
0.001336849,0.9986632
1.3639305e-09,1.0
3.076697e-05,0.99996924
0.008579327,0.99142075
0.99991643,8.3521525e-05
1.9581773e-06,0.9999981
0.1734498,0.82655025
0.9999999,1.3739451e-07
0.01887352,0.9811265
1.0,1.1528596e-09
0.99999917,8.171809e-07
1.0,4.3441278e-10
0.99999976,2.0653859e-07
1.0,5.544479e-08
0.9999999,7.6717434e-08
0.04671225,0.9532877
0.999997,3.0124288e-06
0.90925723,0.09074277
0.012320053,0.98767996
1.0,6.561421e-10
1.0,6.603118e-09
1.7451091e-05,0.9999826
5.239764e-08,1.0
0.0063636703,0.99363637
0.5828539,0.41714606
0.9986761,0.0013238126
0.940622,0.05937797
0.99576086,0.0042391187
0.9997794,0.0002205851
1.0,1.5294531e-10
0.13106498,0.868935
0.9999584,4.159055e-05
2.9569208e-07,0.99999976
0.0003010104,0.999699
0.99999917,8.859745e-07
0.99998057,1.9400117e-05
0.9999925,7.5665403e-06
1.0,3.824045e-11
0.9996458,0.00035421154
0.9999969,3.1200896e-06
0.000934074,0.99906594
8.9480736e-08,0.9999999
0.99999964,2.9852032e-07
0.9999993,7.094837e-07
0.0037619274,0.9962381
0.9999989,1.090371e-06
3.0391756e-10,1.0
0.5240862,0.47591385
3.5440574e-11,1.0
0.99832314,0.0016768177
5.4019175e-08,1.0
1.0,7.706284e-11
6.574157e-11,1.0
0.9934742,0.006525778
1.311482e-05,0.9999869
0.010413206,0.9895867
0.9942274,0.005772603
0.0036938603,0.9963062
0.81194276,0.1880572
1.0,3.0215379e-12
0.0017881818,0.99821186
0.99999905,9.87286e-07
0.99450725,0.005492777
0.9729006,0.027099337
1.0,4.462068e-09
0.9158436,0.08415646
0.99999607,3.9173306e-06
1.0,3.0701552e-09
1.0,2.509644e-08
0.0046818713,0.9953181
1.0,1.5492783e-09
0.99902236,0.0009775766
0.99915564,0.00084432046
0.00036524754,0.99963474
4.2838797e-06,0.9999957
0.4092774,0.59072256
0.44945055,0.5505494
0.99983215,0.000167841
0.8597214,0.14027858
5.695781e-07,0.9999994
1.0,3.1702416e-09
1.0,1.9244926e-09
1.0,1.2221584e-08
1.0936026e-05,0.99998903
0.9994381,0.0005619017
0.22779714,0.77220285
0.9537113,0.04628869
1.3773912e-05,0.9999862
0.14610697,0.8538931
0.9999999,1.2176334e-07
0.019893667,0.98010635
2.3735347e-05,0.9999763
0.755148,0.24485208
0.030630993,0.969369
0.9991072,0.00089280476
0.7871072,0.2128928
0.0008200579,0.9991799
0.017259948,0.98274004
1.05021045e-05,0.9999895
0.98773175,0.012268288
6.281944e-07,0.9999994
0.029013343,0.97098666
2.1405822e-07,0.99999976
0.081986494,0.91801345
0.99251324,0.0074867397
0.8290057,0.17099419
0.003080916,0.99691916
0.0009709594,0.99902904
1.0789053e-07,0.9999999
3.0357596e-05,0.9999696
4.1358187e-05,0.99995863
0.7286067,0.27139327
0.99998534,1.4706858e-05
0.9997837,0.00021628363
0.0010061853,0.9989938
3.3474974e-09,1.0
0.000104620565,0.99989533
7.2338703e-06,0.9999927
0.14097787,0.85902214
1.0,4.427766e-09
2.7819e-06,0.99999726
6.550173e-08,0.9999999
0.99998283,1.7145187e-05
0.9997311,0.00026889503
0.3600938,0.63990617
1.0,7.892052e-09
1.1233941e-06,0.9999989
0.04121156,0.95878845
0.9999763,2.373743e-05
0.9984786,0.0015214361
0.7957762,0.20422375
0.00011826288,0.99988174
0.99999464,5.337789e-06
0.00042212498,0.9995778
0.99998593,1.40919165e-05
0.99999785,2.1699013e-06
0.99999976,1.8858748e-07
0.98668796,0.013312077
0.0018354232,0.9981646
0.9998734,0.00012660815
0.99999964,3.232358e-07
4.4864873e-06,0.99999547
0.03327707,0.96672297
7.1775e-05,0.99992824
0.99584806,0.004151894
0.07802354,0.92197645
0.9766434,0.023356555
0.85124266,0.14875738
1.0,5.2830966e-08
1.0,2.29781e-12
7.1698116e-05,0.99992836
0.023347622,0.9766524
0.90756994,0.0924301
0.00066615734,0.9993338
6.2217794e-07,0.9999994
0.999278,0.00072204735
0.0030524316,0.9969476
0.00046233227,0.9995377
0.5220532,0.4779469
1.0,1.8276568e-08
0.07142138,0.92857856
6.236433e-06,0.9999938
0.9999025,9.75496e-05
0.06553979,0.93446016
0.31723022,0.6827698
6.269501e-07,0.9999994
0.9999995,4.886308e-07
0.9718249,0.02817507
0.9999999,1.777451e-07
0.024747979,0.97525203
0.00196257,0.9980374
0.00038813014,0.9996119
0.0024464396,0.9975535
0.6479729,0.3520271
0.011511302,0.98848873
1.0,1.324675e-09
3.9360507e-12,1.0
0.9569446,0.0430554
0.025939696,0.9740603
0.7873715,0.21262851
0.017575137,0.9824249
2.1592126e-05,0.9999784
0.0007442956,0.9992557
0.99999976,1.8873178e-07
2.4453868e-11,1.0
0.00040686762,0.9995932
0.99940956,0.0005904588
5.7947647e-10,1.0
0.0075117685,0.99248827
0.9992866,0.0007134808
0.9905317,0.009468273
1.0636519e-06,0.9999989
1.0083688e-05,0.99998987
0.99998283,1.7145187e-05
0.9995365,0.00046350205
0.9939061,0.0060938727
0.000718115,0.99928194
0.0028640765,0.9971359
0.9990528,0.0009471356
5.511429e-10,1.0
0.98403764,0.015962396
8.7432017e-10,1.0
0.0013947721,0.9986052
0.006273728,0.9937263
0.99999464,5.3609297e-06
0.99999356,6.446657e-06
0.9999925,7.51333e-06
0.9999994,6.418264e-07
1.0,1.2223513e-09
0.9999994,6.3637634e-07
0.15448824,0.8455118
0.99999833,1.7174575e-06
4.479278e-07,0.9999995
6.772769e-07,0.9999993
0.16032152,0.83967847
0.8396084,0.16039158
1.0,2.5641493e-09
0.99999964,3.388762e-07
0.99999833,1.7026301e-06
0.99980813,0.00019194803
3.8383052e-05,0.9999616
0.9999994,5.87733e-07
0.9999957,4.289943e-06
5.11327e-06,0.9999949
0.8895854,0.1104146
1.429012e-11,1.0
0.2620025,0.7379975
1.0597814e-05,0.9999894
0.9976374,0.0023625877
1.0,1.8145688e-08
0.01079044,0.9892096
1.0,1.8452404e-08
0.023274185,0.9767259
1.0,3.0701552e-09
0.9999578,4.215288e-05
0.00043814685,0.99956185
1.0,7.892052e-09
0.0009433433,0.99905664
0.59021044,0.40978953
4.9373756e-07,0.9999995
0.999871,0.00012899567
0.6322276,0.3677724
0.15868653,0.8413135
1.3788348e-06,0.99999857
3.2356078e-05,0.9999677
0.058965746,0.94103426
0.9999999,1.3165253e-07
0.9999999,5.9772674e-08
1.1698964e-06,0.9999988
0.00021167859,0.99978834
0.9999995,4.9017945e-07
0.98756534,0.012434719
0.031954993,0.96804506
6.7188853e-06,0.9999933
7.3950346e-06,0.9999926
0.99999964,3.1052693e-07
6.919068e-05,0.99993086
8.733952e-05,0.9999126
0.9999974,2.6224764e-06
6.5912085e-05,0.9999341
0.99999726,2.687889e-06
7.9677065e-09,1.0
5.3458643e-05,0.9999466
0.73578155,0.26421845
0.09959789,0.9004021
0.9999989,1.0800022e-06
0.9993261,0.0006739274
0.0072738496,0.9927261
0.999995,5.045811e-06
0.22663821,0.7733618
0.9981141,0.001885873
0.00030469926,0.9996953
7.416742e-05,0.99992585
2.9479063e-05,0.99997056
0.9526078,0.04739226
0.867793,0.13220693
8.98785e-06,0.99999106
0.9999925,7.5222774e-06
0.99999857,1.3896174e-06
1.0,2.934744e-11
0.9999535,4.648947e-05
0.9877007,0.012299321
2.8625323e-05,0.9999714
0.107508145,0.8924919
0.99927396,0.0007260203
3.1748698e-07,0.99999964
3.1241665e-08,1.0
2.4890252e-09,1.0
0.9038103,0.09618967
0.09587274,0.90412724
0.0012254216,0.9987746
0.007875329,0.99212474
0.025667647,0.97433233
0.7438429,0.25615713
0.00051442994,0.9994855
2.8199012e-05,0.99997175
0.0001007384,0.99989927
0.34203726,0.65796274
0.07323877,0.9267612
0.9999999,6.7775254e-08
0.9998945,0.000105473606
0.16162926,0.8383707
9.246995e-11,1.0
1.6199576e-06,0.99999833
6.199431e-05,0.999938
0.99650466,0.0034953007
0.99999976,2.423609e-07
0.7186047,0.28139532
1.0,3.6297553e-08
0.99998915,1.0890629e-05
2.4969626e-08,1.0
0.013754761,0.9862453
0.0038650488,0.996135
0.45518523,0.54481477
1.0628848e-05,0.9999894
0.008241708,0.9917583
0.999871,0.00012899567
0.03069257,0.96930736
0.9994017,0.0005983368
0.9992866,0.0007134808
3.7037309e-09,1.0
0.93662906,0.06337093
0.9221053,0.077894695
1.0,4.5036074e-08
0.9964862,0.0035138268
0.9999473,5.2701205e-05
0.81957585,0.18042417
9.915348e-05,0.9999008
3.1368755e-10,1.0
0.0008991213,0.9991009
0.010709711,0.9892903
1.3045786e-06,0.9999987
0.00069218606,0.9993079
1.5721607e-09,1.0
0.00024630563,0.99975365
0.0046316083,0.99536836
0.99999917,7.849306e-07
0.0033567476,0.9966433
0.0008369599,0.99916303
0.14580642,0.85419357
1.13216085e-08,1.0
0.109624825,0.89037514
0.0469291,0.9530709
1.0,9.990131e-11
1.66029e-05,0.99998343
0.00027895227,0.999721
6.239332e-07,0.9999994
0.8911487,0.1088513
0.0049939114,0.99500614
7.348344e-07,0.9999993
8.909596e-05,0.99991095
0.0012775942,0.9987224
0.0013896477,0.9986104
0.05185858,0.9481414
0.0004987873,0.9995012
0.6883601,0.31163996
0.032956302,0.9670437
0.9928773,0.0071226764
1.4569211e-08,1.0
0.95952356,0.040476408
0.953265,0.046735026
1.18775155e-07,0.9999999
0.99999166,8.358856e-06
9.885474e-07,0.99999905
0.00046384725,0.99953616
0.835976,0.16402397
0.030537525,0.9694625
0.99999547,4.4900444e-06
0.9991398,0.00086014863
0.012719306,0.98728067
7.612111e-09,1.0
4.9247346e-06,0.9999951
0.9994167,0.00058335526
0.0019325514,0.99806744
1.0,1.1561842e-10
0.9999964,3.5577145e-06
0.98106617,0.018933823
0.13021852,0.86978143
0.0012171895,0.9987828
0.021511327,0.9784887
0.010701075,0.98929894
5.347067e-05,0.9999465
0.0022707994,0.99772924
1.6110006e-09,1.0
0.9990528,0.0009471356
0.99993014,6.984565e-05
0.99802643,0.0019734867
6.5788314e-05,0.9999342
0.9999958,4.128593e-06
2.0871207e-07,0.99999976
0.0003312079,0.99966884
0.00585521,0.99414486
0.99998987,1.0108297e-05
4.087789e-05,0.9999591
0.99991643,8.3521525e-05
9.3765857e-07,0.99999905
0.26912284,0.7308772
0.42316735,0.5768326
0.50861084,0.4913892
1.0,1.8742219e-10
0.57272667,0.4272733
0.003048045,0.99695194
0.9999467,5.3295604e-05
0.03659051,0.96340954
1.0,2.0383287e-10
1.0,2.625502e-09
0.99999905,9.038925e-07
0.001596429,0.9984036
0.0014108716,0.9985891
6.334393e-05,0.9999367
1.0,2.6892064e-08
0.014764931,0.9852351
0.000712146,0.9992879
1.3447609e-05,0.9999865
8.0248086e-05,0.9999198
0.9958807,0.004119275
0.99999523,4.7401745e-06
0.82048005,0.1795199
0.00039475772,0.99960524
9.82877e-07,0.99999905
2.8286627e-12,1.0
1.0,2.8140446e-10
5.1802068e-05,0.99994814
0.8968629,0.10313707
0.9757987,0.024201246
0.999944,5.6037978e-05
0.9999995,4.668599e-07
0.9999181,8.1949096e-05
0.9999999,7.004106e-08
6.712505e-07,0.9999993
1.4997205e-05,0.999985
0.9948944,0.0051056477
0.2098878,0.7901122
0.00017204252,0.999828
0.7163946,0.28360546
0.08319182,0.9168082
1.0,1.2357767e-09
0.31419224,0.68580776
0.6202142,0.37978584
6.3925736e-06,0.99999356
1.0,4.486676e-11
0.99993694,6.307593e-05
0.039740052,0.9602599
0.059841312,0.94015867
0.9999474,5.25522e-05
0.9999956,4.3984696e-06
0.012916607,0.98708344
0.76667833,0.2333217
0.8290057,0.17099419
0.36971903,0.6302809
1.0,4.3441278e-10
0.9999999,1.5935306e-07
0.99837446,0.0016255529
0.0014451342,0.9985549
0.99986386,0.0001360872
3.3944352e-07,0.99999964
0.66970754,0.33029243
0.99999917,8.34808e-07
0.4129264,0.5870736
0.988,0.012000067
0.775358,0.2246419
0.9999976,2.361284e-06
0.15448824,0.8455118
0.027351411,0.9726486
1.0,4.3441278e-10
0.027351411,0.9726486
2.7701968e-05,0.99997234
0.5056597,0.49434033
0.005751858,0.99424815
0.20576258,0.79423743
1.2518291e-05,0.9999875
0.00039230278,0.99960774
0.9999995,5.201825e-07
1.0,7.387711e-13
0.0007259186,0.9992741
0.11015032,0.8898496
1.0,1.1399631e-09
0.99999475,5.2849587e-06
0.00043942424,0.99956053
6.252896e-05,0.9999374
7.494909e-06,0.9999925
0.9979559,0.0020440784
0.04339317,0.95660686
0.2042485,0.7957515
0.09730698,0.90269303
0.00015618924,0.99984384
1.0,1.324675e-09
0.9999999,1.2931736e-07
0.8290057,0.17099419
7.935699e-06,0.999992
0.832368,0.16763197
0.9999695,3.053777e-05
1.0,5.2517377e-09
0.014649091,0.98535097
0.9999356,6.434795e-05
1.7843088e-07,0.9999999
0.9999975,2.5149066e-06
0.03756289,0.96243715
8.456096e-06,0.99999154
0.19206741,0.80793256
6.047583e-05,0.99993956
0.62478536,0.37521467
1.0,5.8263754e-09
7.9912985e-07,0.99999917
1.0,4.4458865e-08
1.0,3.3945413e-10
0.5437937,0.4562063
1.0,9.136475e-11
9.43178e-05,0.9999057
0.99973184,0.0002681986
0.999982,1.7944492e-05
1.0,1.0976393e-09
1.0,2.5620324e-09
0.6788329,0.32116714
0.03495836,0.96504164
0.9999999,7.365723e-08
1.0,5.0176634e-08
1.0,1.51342e-14
0.18098342,0.8190166
0.00014442984,0.9998555
0.99996006,3.995739e-05
0.9999995,4.884011e-07
1.0,3.369575e-11
0.010925625,0.9890744
8.6008995e-06,0.9999914
1.0,5.780334e-11
0.9999999,1.6691651e-07
1.0,3.4649887e-09
8.408747e-06,0.99999154
0.2857212,0.7142788
0.99431396,0.005686088
0.9966882,0.0033118813
6.8891086e-06,0.9999931
0.99999094,9.041322e-06
1.0,1.769548e-08
0.20001735,0.7999826
2.3685908e-07,0.99999976
0.294436,0.70556396
1.0,9.746531e-10
0.99992406,7.5974065e-05
0.99998343,1.6573696e-05
0.9875636,0.012436441
0.9999999,1.6268054e-07
0.99835485,0.0016450648
0.956504,0.04349599
0.0004606472,0.9995394
1.0,6.1289044e-13
1.0,1.324675e-09
0.00028228963,0.99971765
0.9914119,0.008588019
8.5050286e-11,1.0
0.40988913,0.5901109
6.4380924e-06,0.99999356
0.98627985,0.013720191
0.03747447,0.9625255
0.99819463,0.0018053933
0.51021004,0.48978996
7.4470634e-08,0.9999999
2.745282e-06,0.99999726
0.00023186146,0.9997682
6.9432926e-06,0.9999931
1.0,5.966233e-11
0.14885211,0.8511479
0.9997881,0.0002118528
0.997127,0.0028729525
1.0,4.2379984e-09
0.0030162556,0.9969837
1.2147627e-09,1.0
0.9998889,0.000111059715
0.9999846,1.5420437e-05
0.062409487,0.9375905
0.9999999,9.234934e-08
0.9999232,7.673318e-05
1.4751951e-07,0.9999999
0.036332298,0.9636677
1.0,3.3095727e-08
2.8840172e-05,0.99997115
0.9983602,0.00163972
8.101227e-05,0.99991894
4.3053737e-06,0.9999957
1.17885775e-05,0.9999882
0.9999982,1.8456966e-06
0.99999857,1.4611226e-06
1.0,4.0811505e-09
1.0,1.8529466e-08
0.029702568,0.9702974
0.2032737,0.7967262
0.927773,0.07222696
7.466587e-05,0.9999254
0.99999964,3.81429e-07
0.9419397,0.05806031
0.2687273,0.73127276
0.6358632,0.36413682
0.000985334,0.9990146
0.98734426,0.012655789
0.99999917,8.2743355e-07
0.99955744,0.00044251975
1.15160354e-07,0.9999999
2.0221462e-06,0.999998
0.42777774,0.5722223
0.9952636,0.004736439
0.9999982,1.8392445e-06
0.0015672753,0.9984327
6.999328e-05,0.99993
0.9999852,1.4813922e-05
0.7762826,0.2237173
0.033934973,0.966065
3.1442443e-07,0.99999964
1.5655193e-07,0.9999999
1.1437616e-05,0.99998856
0.9999815,1.8481433e-05
0.99354386,0.006456105
0.9999995,5.1563796e-07
0.9999999,1.4862209e-07
6.999328e-05,0.99993
0.039333384,0.9606666
0.47837305,0.521627
1.0908271e-09,1.0
4.06857e-07,0.99999964
1.0,2.7122942e-08
0.95108277,0.04891724
0.0010233822,0.9989766
0.99994814,5.1840318e-05
9.574665e-08,0.9999999
0.790286,0.20971397
3.87159e-06,0.9999962
6.117007e-07,0.9999994
0.9938798,0.006120231
7.727469e-06,0.99999225
1.9450763e-05,0.99998057
4.9628017e-07,0.9999995
0.025551321,0.97444874
1.0,8.3005105e-09
1.0,1.174881e-08
6.123054e-07,0.9999994
0.8329134,0.16708662
0.9999999,1.4685052e-07
2.2901243e-06,0.99999774
1.0,3.2754333e-09
0.23623288,0.7637671
0.00040128914,0.9995987
2.6782886e-06,0.9999974
0.021565614,0.9784344
0.000110388006,0.9998896
0.9999994,6.247072e-07
0.99992096,7.899493e-05
2.1963458e-05,0.99997807
0.9996604,0.00033957828
0.0039935373,0.9960064
0.26577768,0.7342223
8.199856e-06,0.9999918
0.9999789,2.1047548e-05
1.6482089e-05,0.99998355
0.9999908,9.2301225e-06
1.4923693e-09,1.0
5.2816276e-11,1.0
0.0007029752,0.999297
0.0056101424,0.99438983
0.9990264,0.00097362633
0.9999956,4.4520407e-06
0.0502492,0.9497508
0.040009543,0.9599905
0.9993606,0.0006393598
2.4102095e-10,1.0
1.4511974e-07,0.9999999
0.9996896,0.00031039913
0.0014348044,0.99856526
2.2009941e-05,0.99997795
1.293583e-07,0.9999999
1.0,3.231285e-08
0.81958556,0.18041447
0.00545673,0.9945432
2.3965685e-09,1.0
0.4868266,0.5131734
0.0001244294,0.99987555
0.8290057,0.17099419
0.00017226576,0.99982774
3.477935e-08,1.0
0.999992,8.03613e-06
9.003127e-07,0.99999905
0.98411,0.015889933
0.0022786257,0.9977214
0.001205736,0.9987942
4.4599125e-05,0.9999554
1.1327277e-06,0.9999988
0.00090624706,0.9990938
0.2158556,0.7841444
0.020256622,0.9797434
0.99996793,3.2092532e-05
0.045945782,0.95405424
2.917255e-10,1.0
0.9999976,2.3451482e-06
0.86783135,0.13216865
0.806978,0.19302198
0.99999833,1.7273757e-06
2.765173e-07,0.99999976
9.698952e-07,0.99999905
0.9999981,1.9127522e-06
0.7885621,0.21143785
0.0009379587,0.999062
0.3409388,0.65906125
0.00020291632,0.99979705
0.00048263598,0.9995173
2.2334411e-06,0.99999774
0.9328051,0.06719493
0.00065923465,0.9993407
0.0001062663,0.99989367
5.4271265e-08,1.0
0.9484621,0.051537823
0.0010577927,0.9989422
0.26047453,0.73952544
0.9999975,2.5149066e-06
5.4262608e-05,0.99994576
5.9449052e-05,0.9999405
0.999943,5.7031404e-05
7.692656e-11,1.0
4.333457e-07,0.9999995
0.014031188,0.9859688
0.0010988896,0.9989011
0.99999714,2.8024995e-06
5.2881777e-08,1.0
8.9181973e-10,1.0
8.038181e-05,0.99991965
4.043203e-08,1.0
0.0009960566,0.99900395
0.9997112,0.00028877048
0.9999999,8.511792e-08
0.8345226,0.16547734
0.9999976,2.4031303e-06
0.006367132,0.99363285
0.02278724,0.9772127
0.0049815793,0.99501836
0.12096783,0.8790322
0.0011078266,0.99889225
1.0,3.2221056e-10
1.2873357e-05,0.9999871
0.99999976,2.0342262e-07
2.1001002e-08,1.0
0.00020097161,0.9997991
0.99999785,2.1559347e-06
0.9999993,7.1590114e-07
0.99457514,0.0054248073
1.9019413e-05,0.9999809
0.02088175,0.9791182
0.081986494,0.91801345
1.2016052e-05,0.99998796
0.72175837,0.2782416
1.0,1.324675e-09
0.9999715,2.8476714e-05
0.0023720926,0.9976279
1.0,1.5023948e-08
0.9968844,0.0031155162
0.00014403471,0.999856
0.0077818837,0.99221814
0.99983275,0.00016725213
6.284274e-05,0.9999372
0.00020288152,0.99979717
0.99999595,4.032132e-06
0.0003830111,0.999617
0.89804184,0.10195813
0.9999436,5.633266e-05
0.3313345,0.6686655
0.010120394,0.9898796
0.99999976,2.1616465e-07
0.00050544576,0.99949455
0.28389198,0.7161081
0.024732217,0.9752678
6.0853256e-07,0.9999994
0.8895121,0.110487886
2.3315867e-07,0.99999976
4.5798093e-05,0.9999542
2.4737834e-05,0.9999752
0.999482,0.0005180224
0.99997795,2.2025439e-05
0.083830655,0.91616935
3.7512367e-09,1.0
2.0317923e-06,0.999998
1.2683983e-05,0.99998736
0.0008277738,0.9991722
0.99998844,1.1534161e-05
0.0002334831,0.9997665
0.99998903,1.0923049e-05
2.1967082e-05,0.99997807
0.99998486,1.5155243e-05
6.2710265e-10,1.0
0.0015643695,0.9984357
0.9999988,1.2488497e-06
1.3251884e-05,0.99998677
0.056228984,0.94377106
6.055591e-06,0.9999939
0.9999976,2.3918628e-06
0.93055457,0.06944545
1.0,1.324675e-09
3.5214504e-07,0.99999964
3.2085556e-08,1.0
0.00049656193,0.9995034
0.58182013,0.4181799
0.9999999,8.984175e-08
0.9997172,0.0002827966
0.00027895227,0.999721
3.4083438e-05,0.9999659
0.9990534,0.0009465466
1.948318e-05,0.99998057
0.04076733,0.9592327
